-- phpMyAdmin SQL Dump
-- version 4.9.0.1
-- https://www.phpmyadmin.net/
--
-- Servidor: 127.0.0.1
-- Tiempo de generación: 03-03-2022 a las 06:33:14
-- Versión del servidor: 10.4.6-MariaDB
-- Versión de PHP: 7.3.8

SET SQL_MODE = "NO_AUTO_VALUE_ON_ZERO";
SET AUTOCOMMIT = 0;
START TRANSACTION;
SET time_zone = "+00:00";


/*!40101 SET @OLD_CHARACTER_SET_CLIENT=@@CHARACTER_SET_CLIENT */;
/*!40101 SET @OLD_CHARACTER_SET_RESULTS=@@CHARACTER_SET_RESULTS */;
/*!40101 SET @OLD_COLLATION_CONNECTION=@@COLLATION_CONNECTION */;
/*!40101 SET NAMES utf8mb4 */;

--
-- Base de datos: `sistema_riego`
--

-- --------------------------------------------------------

--
-- Estructura de tabla para la tabla `compuesto`
--

CREATE TABLE `compuesto` (
  `id_comp` int(11) NOT NULL,
  `nom_comp` varchar(64) NOT NULL,
  `react1` varchar(64) DEFAULT NULL,
  `react2` varchar(64) DEFAULT NULL,
  `react3` varchar(64) DEFAULT NULL,
  `react4` varchar(64) DEFAULT NULL,
  `react5` varchar(64) DEFAULT NULL,
  `estado` int(11) DEFAULT 1
) ENGINE=InnoDB DEFAULT CHARSET=latin1;

--
-- Volcado de datos para la tabla `compuesto`
--

INSERT INTO `compuesto` (`id_comp`, `nom_comp`, `react1`, `react2`, `react3`, `react4`, `react5`, `estado`) VALUES
(1, 'NUTRIENTE 1', 'CLORO', 'CALCIO', 'POTASIO', '-', '-', 1),
(2, 'NUTRIENTE 2', 'SODIO', 'LITIO', 'COBRE', '-', '-', 1);

-- --------------------------------------------------------

--
-- Estructura de tabla para la tabla `cultivo`
--

CREATE TABLE `cultivo` (
  `id_cultivo` int(11) NOT NULL,
  `desc_cultivo` varchar(512) NOT NULL,
  `duracion` varchar(32) NOT NULL,
  `estado` int(11) DEFAULT 1
) ENGINE=InnoDB DEFAULT CHARSET=latin1;

--
-- Volcado de datos para la tabla `cultivo`
--

INSERT INTO `cultivo` (`id_cultivo`, `desc_cultivo`, `duracion`, `estado`) VALUES
(1, 'TOMATE', '3 MESES', 1),
(2, 'FRESA', '4 MESES', 1);

-- --------------------------------------------------------

--
-- Estructura de tabla para la tabla `observacion`
--

CREATE TABLE `observacion` (
  `id_obs` int(11) NOT NULL,
  `id_zona` int(11) NOT NULL,
  `id_ubi` int(11) NOT NULL,
  `desc_obs` varchar(32) NOT NULL,
  `cultivo` varchar(32) NOT NULL,
  `foto_zona` varchar(64) NOT NULL,
  `usuario` varchar(64) NOT NULL,
  `fec_obs` timestamp NOT NULL DEFAULT current_timestamp()
) ENGINE=InnoDB DEFAULT CHARSET=latin1;

--
-- Volcado de datos para la tabla `observacion`
--

INSERT INTO `observacion` (`id_obs`, `id_zona`, `id_ubi`, `desc_obs`, `cultivo`, `foto_zona`, `usuario`, `fec_obs`) VALUES
(5, 2, 2, 'ESTA BUENO', 'TOMATE', 'totate1.jpg', 'JUAN RO', '2020-01-20 04:42:05'),
(6, 1, 1, 'CRECIMIENTO CORRECTO', 'TOMATE', 'tomato2.jpg', 'JUAN RO', '2020-01-31 04:57:32'),
(8, 1, 1, 'BUENA SUSTANCIAL', 'FRESA', '20190529_183141.jpg', 'JUAN RO', '2020-01-22 16:58:33');

-- --------------------------------------------------------

--
-- Estructura de tabla para la tabla `registros`
--

CREATE TABLE `registros` (
  `id_reg` int(11) NOT NULL,
  `id_zona` int(11) NOT NULL,
  `id_ubi` int(11) NOT NULL,
  `cultivo` varchar(512) NOT NULL,
  `fechahora` timestamp NOT NULL DEFAULT current_timestamp(),
  `temp_amb` decimal(9,2) DEFAULT NULL,
  `hume_amb` decimal(9,2) DEFAULT NULL,
  `iluminacion` decimal(9,2) DEFAULT NULL,
  `temp_suelo` decimal(9,2) DEFAULT NULL,
  `hume_suelo` decimal(9,2) DEFAULT NULL,
  `ph` decimal(9,2) DEFAULT NULL,
  `co2` decimal(9,2) DEFAULT NULL
) ENGINE=InnoDB DEFAULT CHARSET=latin1;

--
-- Volcado de datos para la tabla `registros`
--

INSERT INTO `registros` (`id_reg`, `id_zona`, `id_ubi`, `cultivo`, `fechahora`, `temp_amb`, `hume_amb`, `iluminacion`, `temp_suelo`, `hume_suelo`, `ph`, `co2`) VALUES
(1, 1, 1, 'TOMATE', '2020-02-20 21:30:17', '36.00', '61.00', '0.00', '28.80', '77.50', '0.00', '0.00'),
(2, 1, 1, 'TOMATE', '2020-02-20 21:31:17', '35.00', '55.00', '0.00', '28.80', '77.50', '0.00', '0.00'),
(3, 1, 1, 'TOMATE', '2020-02-20 21:32:17', '35.00', '75.00', '0.00', '28.80', '77.50', '0.00', '0.00'),
(4, 1, 1, 'TOMATE', '2020-02-20 21:33:17', '35.00', '58.00', '0.00', '28.80', '77.50', '0.00', '0.00'),
(5, 1, 1, 'TOMATE', '2020-02-20 21:34:17', '35.00', '87.00', '0.00', '28.80', '77.50', '0.00', '0.00'),
(6, 1, 1, 'TOMATE', '2020-02-20 21:35:17', '34.00', '58.00', '0.00', '28.80', '77.50', '0.00', '0.00'),
(7, 1, 1, 'TOMATE', '2020-02-20 21:36:17', '35.00', '95.00', '0.00', '28.80', '77.50', '0.00', '0.00'),
(8, 1, 1, 'TOMATE', '2020-02-20 21:37:17', '34.00', '59.00', '0.00', '28.80', '77.50', '0.00', '0.00'),
(9, 1, 1, 'TOMATE', '2020-02-20 21:38:17', '34.00', '57.00', '0.00', '28.80', '77.50', '0.00', '0.00'),
(10, 1, 1, 'TOMATE', '2020-02-20 21:39:17', '34.00', '56.00', '0.00', '28.80', '77.50', '0.00', '0.00'),
(11, 1, 1, 'TOMATE', '2020-02-20 21:40:17', '34.00', '54.00', '0.00', '28.80', '77.50', '0.00', '0.00'),
(12, 1, 1, 'TOMATE', '2020-02-20 21:41:17', '34.00', '55.00', '0.00', '28.80', '77.50', '0.00', '0.00'),
(13, 1, 1, 'TOMATE', '2020-02-20 21:42:17', '34.00', '60.00', '0.00', '28.80', '77.50', '0.00', '0.00'),
(14, 1, 1, 'TOMATE', '2020-02-20 21:43:17', '34.00', '60.00', '0.00', '28.80', '77.50', '0.00', '0.00'),
(15, 1, 1, 'TOMATE', '2020-02-20 21:44:17', '34.00', '61.00', '0.00', '28.80', '77.50', '0.00', '0.00'),
(16, 1, 1, 'TOMATE', '2020-02-20 21:45:17', '34.00', '58.00', '0.00', '28.80', '77.50', '0.00', '0.00'),
(17, 1, 1, 'TOMATE', '2020-02-20 21:46:17', '34.00', '54.00', '0.00', '28.80', '77.50', '0.00', '0.00'),
(18, 1, 1, 'TOMATE', '2020-02-20 21:47:17', '34.00', '56.00', '0.00', '28.80', '77.50', '0.00', '0.00'),
(19, 1, 1, 'TOMATE', '2020-02-20 21:48:17', '34.00', '55.00', '0.00', '28.80', '77.50', '0.00', '0.00'),
(20, 1, 1, 'TOMATE', '2020-02-20 21:49:17', '34.00', '54.00', '0.00', '28.80', '77.50', '0.00', '0.00'),
(21, 1, 1, 'TOMATE', '2020-02-20 21:50:17', '34.00', '54.00', '0.00', '28.80', '77.50', '0.00', '0.00'),
(22, 1, 1, 'TOMATE', '2020-02-20 21:51:17', '34.00', '54.00', '0.00', '28.80', '77.50', '0.00', '0.00'),
(23, 1, 1, 'TOMATE', '2020-02-20 21:52:17', '34.00', '55.00', '0.00', '28.80', '77.50', '0.00', '0.00'),
(24, 1, 1, 'TOMATE', '2020-02-20 21:53:17', '34.00', '54.00', '0.00', '28.80', '77.50', '0.00', '0.00'),
(25, 1, 1, 'TOMATE', '2020-02-20 21:54:17', '34.00', '53.00', '0.00', '28.80', '77.50', '0.00', '0.00'),
(26, 1, 1, 'TOMATE', '2020-02-20 21:55:17', '34.00', '53.00', '0.00', '28.80', '77.50', '0.00', '0.00'),
(27, 1, 1, 'TOMATE', '2020-02-21 04:24:47', '29.00', '75.00', '0.00', '28.80', '77.50', '0.00', '0.00'),
(28, 1, 1, 'TOMATE', '2020-02-21 04:25:47', '29.00', '75.00', '0.00', '28.80', '77.50', '0.00', '0.00'),
(29, 1, 1, 'TOMATE', '2020-02-21 04:26:47', '29.00', '76.00', '0.00', '28.80', '77.50', '0.00', '0.00'),
(30, 1, 1, 'TOMATE', '2020-02-21 04:27:47', '29.00', '75.00', '0.00', '28.80', '77.50', '0.00', '0.00'),
(31, 1, 1, 'TOMATE', '2020-02-21 04:28:47', '29.00', '74.00', '0.00', '28.80', '77.50', '0.00', '0.00'),
(32, 1, 1, 'TOMATE', '2020-02-21 04:29:47', '29.00', '75.00', '0.00', '28.80', '77.50', '0.00', '0.00'),
(33, 1, 1, 'TOMATE', '2020-02-21 04:30:47', '31.00', '95.00', '0.00', '28.80', '77.50', '0.00', '0.00'),
(34, 1, 1, 'TOMATE', '2020-02-21 04:31:47', '33.00', '95.00', '0.00', '28.80', '77.50', '0.00', '0.00'),
(35, 1, 1, 'TOMATE', '2020-02-21 04:32:47', '31.00', '95.00', '0.00', '28.80', '77.50', '0.00', '0.00'),
(36, 1, 1, 'TOMATE', '2020-02-21 04:33:47', '31.00', '79.00', '0.00', '28.80', '77.50', '0.00', '0.00'),
(37, 1, 1, 'TOMATE', '2020-02-21 04:34:47', '30.00', '79.00', '0.00', '28.80', '77.50', '0.00', '0.00'),
(38, 1, 1, 'TOMATE', '2020-02-21 04:35:47', '30.00', '79.00', '0.00', '28.80', '77.50', '0.00', '0.00'),
(39, 1, 1, 'TOMATE', '2020-02-21 04:36:47', '29.00', '80.00', '0.00', '28.80', '77.50', '0.00', '0.00'),
(40, 1, 1, 'TOMATE', '2020-02-21 04:37:47', '29.00', '79.00', '0.00', '28.80', '77.50', '0.00', '0.00'),
(41, 1, 1, 'TOMATE', '2020-02-21 04:38:47', '29.00', '80.00', '0.00', '28.80', '77.50', '0.00', '0.00'),
(42, 1, 1, 'TOMATE', '2020-02-21 04:39:47', '29.00', '81.00', '0.00', '28.80', '77.50', '0.00', '0.00'),
(43, 1, 1, 'TOMATE', '2020-02-21 04:40:47', '29.00', '81.00', '0.00', '28.80', '77.50', '0.00', '0.00'),
(44, 1, 1, 'TOMATE', '2020-02-21 04:41:47', '29.00', '81.00', '0.00', '28.80', '77.50', '0.00', '0.00'),
(45, 1, 1, 'TOMATE', '2020-02-21 04:42:47', '29.00', '81.00', '0.00', '28.80', '77.50', '0.00', '0.00'),
(46, 1, 1, 'TOMATE', '2020-02-21 04:43:47', '29.00', '81.00', '0.00', '28.80', '77.50', '0.00', '0.00'),
(47, 1, 1, 'TOMATE', '2020-02-21 23:17:12', '24.00', '61.00', '0.00', '28.80', '77.50', '0.00', '0.00'),
(48, 1, 1, 'TOMATE', '2020-02-21 23:18:12', '24.00', '61.00', '0.00', '28.80', '77.50', '0.00', '0.00'),
(49, 1, 1, 'TOMATE', '2020-02-21 23:19:12', '24.00', '60.00', '0.00', '28.80', '77.50', '0.00', '0.00'),
(50, 1, 1, 'TOMATE', '2020-02-21 23:20:12', '24.00', '61.00', '0.00', '28.80', '77.50', '0.00', '0.00'),
(51, 1, 1, 'TOMATE', '2020-02-21 23:21:12', '24.00', '61.00', '0.00', '28.80', '77.50', '0.00', '0.00'),
(52, 1, 1, 'TOMATE', '2020-02-21 23:22:12', '24.00', '61.00', '0.00', '28.80', '77.50', '0.00', '0.00'),
(53, 1, 1, 'TOMATE', '2020-02-21 23:23:12', '24.00', '61.00', '0.00', '28.80', '77.50', '0.00', '0.00'),
(54, 1, 1, 'TOMATE', '2020-02-21 23:24:12', '24.00', '62.00', '0.00', '28.80', '77.50', '0.00', '0.00'),
(55, 1, 1, 'TOMATE', '2020-02-21 23:25:12', '24.00', '62.00', '0.00', '28.80', '77.50', '0.00', '0.00'),
(56, 1, 1, 'TOMATE', '2020-02-21 23:26:12', '24.00', '61.00', '0.00', '28.80', '77.50', '0.00', '0.00'),
(57, 1, 1, 'TOMATE', '2020-02-21 23:27:12', '24.00', '61.00', '0.00', '28.80', '77.50', '0.00', '0.00'),
(58, 1, 1, 'TOMATE', '2020-02-21 23:28:12', '24.00', '61.00', '0.00', '28.80', '77.50', '0.00', '0.00'),
(59, 1, 1, 'TOMATE', '2020-02-21 23:29:13', '24.00', '61.00', '0.00', '28.80', '77.50', '0.00', '0.00'),
(60, 1, 1, 'TOMATE', '2020-02-21 23:30:12', '24.00', '61.00', '0.00', '28.80', '77.50', '0.00', '0.00'),
(61, 1, 1, 'TOMATE', '2020-02-21 23:31:12', '24.00', '61.00', '0.00', '28.80', '77.50', '0.00', '0.00'),
(62, 1, 1, 'TOMATE', '2020-02-21 23:32:12', '24.00', '61.00', '0.00', '28.80', '77.50', '0.00', '0.00'),
(63, 1, 1, 'TOMATE', '2020-02-21 23:33:12', '24.00', '61.00', '0.00', '28.80', '77.50', '0.00', '0.00'),
(64, 1, 1, 'TOMATE', '2020-02-21 23:34:12', '24.00', '61.00', '0.00', '28.80', '77.50', '0.00', '0.00'),
(65, 1, 1, 'TOMATE', '2020-02-21 23:35:12', '24.00', '61.00', '0.00', '28.80', '77.50', '0.00', '0.00'),
(66, 1, 1, 'TOMATE', '2020-02-21 23:36:12', '24.00', '61.00', '0.00', '28.80', '77.50', '0.00', '0.00'),
(67, 1, 1, 'TOMATE', '2020-02-21 23:37:12', '24.00', '61.00', '0.00', '28.80', '77.50', '0.00', '0.00'),
(68, 1, 1, 'TOMATE', '2020-02-21 23:38:12', '24.00', '60.00', '0.00', '28.80', '77.50', '0.00', '0.00'),
(69, 1, 1, 'TOMATE', '2020-02-21 23:39:12', '24.00', '61.00', '0.00', '28.80', '77.50', '0.00', '0.00'),
(70, 1, 1, 'TOMATE', '2020-02-21 23:40:12', '24.00', '60.00', '0.00', '28.80', '77.50', '0.00', '0.00'),
(71, 1, 1, 'TOMATE', '2020-02-21 23:41:12', '24.00', '60.00', '0.00', '28.80', '77.50', '0.00', '0.00'),
(72, 1, 1, 'TOMATE', '2020-02-21 23:42:12', '24.00', '61.00', '0.00', '28.80', '77.50', '0.00', '0.00'),
(73, 1, 1, 'TOMATE', '2020-02-21 23:43:12', '24.00', '61.00', '0.00', '28.80', '77.50', '0.00', '0.00'),
(74, 1, 1, 'TOMATE', '2020-02-21 23:44:12', '24.00', '60.00', '0.00', '28.80', '77.50', '0.00', '0.00'),
(75, 1, 1, 'TOMATE', '2020-02-21 23:45:12', '23.00', '60.00', '0.00', '28.80', '77.50', '0.00', '0.00'),
(76, 1, 1, 'TOMATE', '2020-02-21 23:46:12', '24.00', '60.00', '0.00', '28.80', '77.50', '0.00', '0.00'),
(77, 1, 1, 'TOMATE', '2020-02-21 23:47:12', '24.00', '60.00', '0.00', '28.80', '77.50', '0.00', '0.00'),
(78, 1, 1, 'TOMATE', '2020-02-21 23:48:12', '24.00', '60.00', '0.00', '28.80', '77.50', '0.00', '0.00'),
(79, 1, 1, 'TOMATE', '2020-02-21 23:49:12', '24.00', '60.00', '0.00', '28.80', '77.50', '0.00', '0.00'),
(80, 1, 1, 'TOMATE', '2020-02-21 23:50:12', '24.00', '61.00', '0.00', '28.80', '77.50', '0.00', '0.00'),
(81, 1, 1, 'TOMATE', '2020-02-21 23:51:12', '24.00', '60.00', '0.00', '28.80', '77.50', '0.00', '0.00'),
(82, 1, 1, 'TOMATE', '2020-02-21 23:52:12', '24.00', '60.00', '0.00', '28.80', '77.50', '0.00', '0.00'),
(83, 1, 1, 'TOMATE', '2020-02-21 23:53:12', '23.00', '60.00', '0.00', '28.80', '77.50', '0.00', '0.00'),
(84, 1, 1, 'TOMATE', '2020-02-21 23:54:12', '23.00', '61.00', '0.00', '28.80', '77.50', '0.00', '0.00'),
(85, 1, 1, 'TOMATE', '2020-02-21 23:55:12', '23.00', '60.00', '0.00', '28.80', '77.50', '0.00', '0.00'),
(86, 1, 1, 'TOMATE', '2020-02-21 23:56:12', '23.00', '60.00', '0.00', '28.80', '77.50', '0.00', '0.00'),
(87, 1, 1, 'TOMATE', '2020-02-21 23:57:12', '23.00', '60.00', '0.00', '28.80', '77.50', '0.00', '0.00'),
(88, 1, 1, 'TOMATE', '2020-02-21 23:58:12', '23.00', '61.00', '0.00', '28.80', '77.50', '0.00', '0.00'),
(89, 1, 1, 'TOMATE', '2020-02-21 23:59:12', '23.00', '61.00', '0.00', '28.80', '77.50', '0.00', '0.00'),
(90, 1, 1, 'TOMATE', '2020-02-22 00:00:12', '23.00', '61.00', '0.00', '28.80', '77.50', '0.00', '0.00'),
(91, 1, 1, 'TOMATE', '2020-02-22 00:01:12', '23.00', '61.00', '0.00', '28.80', '77.50', '0.00', '0.00'),
(92, 1, 1, 'TOMATE', '2020-02-22 00:02:12', '24.00', '61.00', '0.00', '28.80', '77.50', '0.00', '0.00'),
(93, 1, 1, 'TOMATE', '2020-02-22 00:03:12', '23.00', '61.00', '0.00', '28.80', '77.50', '0.00', '0.00'),
(94, 1, 1, 'TOMATE', '2020-02-22 00:04:12', '23.00', '61.00', '0.00', '28.80', '77.50', '0.00', '0.00'),
(95, 1, 1, 'TOMATE', '2020-02-22 00:05:12', '23.00', '61.00', '0.00', '28.80', '77.50', '0.00', '0.00'),
(96, 1, 1, 'TOMATE', '2020-02-22 00:06:12', '23.00', '61.00', '0.00', '28.80', '77.50', '0.00', '0.00'),
(97, 1, 1, 'TOMATE', '2020-02-22 00:07:12', '23.00', '61.00', '0.00', '28.80', '77.50', '0.00', '0.00'),
(98, 1, 1, 'TOMATE', '2020-02-22 00:08:12', '23.00', '61.00', '0.00', '28.80', '77.50', '0.00', '0.00'),
(99, 1, 1, 'TOMATE', '2020-02-22 00:09:12', '23.00', '60.00', '0.00', '28.80', '77.50', '0.00', '0.00'),
(100, 1, 1, 'TOMATE', '2020-02-22 00:10:12', '23.00', '60.00', '0.00', '28.80', '77.50', '0.00', '0.00'),
(101, 1, 1, 'TOMATE', '2020-02-22 00:11:12', '23.00', '60.00', '0.00', '28.80', '77.50', '0.00', '0.00'),
(102, 1, 1, 'TOMATE', '2020-02-22 00:12:12', '23.00', '60.00', '0.00', '28.80', '77.50', '0.00', '0.00'),
(103, 1, 1, 'TOMATE', '2020-02-22 00:13:12', '23.00', '60.00', '0.00', '28.80', '77.50', '0.00', '0.00'),
(104, 1, 1, 'TOMATE', '2020-02-22 00:14:12', '23.00', '60.00', '0.00', '28.80', '77.50', '0.00', '0.00'),
(105, 1, 1, 'TOMATE', '2020-02-22 00:15:12', '23.00', '61.00', '0.00', '28.80', '77.50', '0.00', '0.00'),
(106, 1, 1, 'TOMATE', '2020-02-22 00:16:12', '24.00', '61.00', '0.00', '28.80', '77.50', '0.00', '0.00'),
(107, 1, 1, 'TOMATE', '2020-02-22 00:17:12', '24.00', '59.00', '0.00', '28.80', '77.50', '0.00', '0.00'),
(108, 1, 1, 'TOMATE', '2020-02-22 00:18:12', '24.00', '57.00', '0.00', '28.80', '77.50', '0.00', '0.00'),
(109, 1, 1, 'TOMATE', '2020-02-22 00:19:12', '24.00', '56.00', '0.00', '28.80', '77.50', '0.00', '0.00'),
(110, 1, 1, 'TOMATE', '2020-02-22 00:20:12', '25.00', '55.00', '0.00', '28.80', '77.50', '0.00', '0.00'),
(111, 1, 1, 'TOMATE', '2020-02-22 00:21:12', '25.00', '56.00', '0.00', '28.80', '77.50', '0.00', '0.00'),
(112, 1, 1, 'TOMATE', '2020-02-22 00:22:12', '25.00', '55.00', '0.00', '28.80', '77.50', '0.00', '0.00'),
(113, 1, 1, 'TOMATE', '2020-02-22 00:23:12', '24.00', '55.00', '0.00', '28.80', '77.50', '0.00', '0.00'),
(114, 1, 1, 'TOMATE', '2020-02-22 00:24:12', '24.00', '55.00', '0.00', '28.80', '77.50', '0.00', '0.00'),
(115, 1, 1, 'TOMATE', '2020-02-22 00:25:12', '25.00', '56.00', '0.00', '28.80', '77.50', '0.00', '0.00'),
(116, 1, 1, 'TOMATE', '2020-02-22 00:26:12', '24.00', '56.00', '0.00', '28.80', '77.50', '0.00', '0.00'),
(117, 1, 1, 'TOMATE', '2020-02-22 00:27:12', '24.00', '55.00', '0.00', '28.80', '77.50', '0.00', '0.00'),
(118, 1, 1, 'TOMATE', '2020-02-22 00:28:12', '24.00', '56.00', '0.00', '28.80', '77.50', '0.00', '0.00'),
(119, 1, 1, 'TOMATE', '2020-02-22 00:29:12', '24.00', '56.00', '0.00', '28.80', '77.50', '0.00', '0.00'),
(120, 1, 1, 'TOMATE', '2020-02-22 00:30:12', '24.00', '56.00', '0.00', '28.80', '77.50', '0.00', '0.00'),
(121, 1, 1, 'TOMATE', '2020-02-22 00:31:12', '24.00', '56.00', '0.00', '28.80', '77.50', '0.00', '0.00'),
(122, 1, 1, 'TOMATE', '2020-02-22 00:32:12', '24.00', '57.00', '0.00', '28.80', '77.50', '0.00', '0.00'),
(123, 1, 1, 'TOMATE', '2020-02-22 00:33:12', '24.00', '56.00', '0.00', '28.80', '77.50', '0.00', '0.00'),
(124, 1, 1, 'TOMATE', '2020-02-22 00:34:12', '24.00', '56.00', '0.00', '28.80', '77.50', '0.00', '0.00'),
(125, 1, 1, 'TOMATE', '2020-02-22 00:35:13', '24.00', '57.00', '0.00', '28.80', '77.50', '0.00', '0.00'),
(126, 1, 1, 'TOMATE', '2020-02-22 00:36:12', '24.00', '57.00', '0.00', '28.80', '77.50', '0.00', '0.00'),
(127, 1, 1, 'TOMATE', '2020-02-22 00:37:12', '24.00', '57.00', '0.00', '28.80', '77.50', '0.00', '0.00'),
(128, 1, 1, 'TOMATE', '2020-02-22 00:38:12', '24.00', '56.00', '0.00', '28.80', '77.50', '0.00', '0.00'),
(129, 1, 1, 'TOMATE', '2020-02-22 00:39:12', '24.00', '56.00', '0.00', '28.80', '77.50', '0.00', '0.00'),
(130, 1, 1, 'TOMATE', '2020-02-22 00:40:12', '24.00', '56.00', '0.00', '28.80', '77.50', '0.00', '0.00'),
(131, 1, 1, 'TOMATE', '2020-02-22 00:41:12', '24.00', '56.00', '0.00', '28.80', '77.50', '0.00', '0.00'),
(132, 1, 1, 'TOMATE', '2020-02-22 00:42:12', '23.00', '56.00', '0.00', '28.80', '77.50', '0.00', '0.00'),
(133, 1, 1, 'TOMATE', '2020-02-22 00:43:12', '24.00', '56.00', '0.00', '28.80', '77.50', '0.00', '0.00'),
(134, 1, 1, 'TOMATE', '2020-02-22 00:44:12', '24.00', '56.00', '0.00', '28.80', '77.50', '0.00', '0.00'),
(135, 1, 1, 'TOMATE', '2020-02-22 00:45:12', '24.00', '55.00', '0.00', '28.80', '77.50', '0.00', '0.00'),
(136, 1, 1, 'TOMATE', '2020-02-22 00:46:12', '24.00', '56.00', '0.00', '28.80', '77.50', '0.00', '0.00'),
(137, 1, 1, 'TOMATE', '2020-02-22 00:47:12', '24.00', '57.00', '0.00', '28.80', '77.50', '0.00', '0.00'),
(138, 1, 1, 'TOMATE', '2020-02-22 00:48:12', '24.00', '56.00', '0.00', '28.80', '77.50', '0.00', '0.00'),
(139, 1, 1, 'TOMATE', '2020-02-22 00:49:12', '24.00', '56.00', '0.00', '28.80', '77.50', '0.00', '0.00'),
(140, 1, 1, 'TOMATE', '2020-02-22 00:50:12', '24.00', '56.00', '0.00', '28.80', '77.50', '0.00', '0.00'),
(141, 1, 1, 'TOMATE', '2020-02-22 00:51:12', '24.00', '55.00', '0.00', '28.80', '77.50', '0.00', '0.00'),
(142, 1, 1, 'TOMATE', '2020-02-22 00:52:12', '24.00', '55.00', '0.00', '28.80', '77.50', '0.00', '0.00'),
(143, 1, 1, 'TOMATE', '2020-02-22 00:53:12', '24.00', '55.00', '0.00', '28.80', '77.50', '0.00', '0.00'),
(144, 1, 1, 'TOMATE', '2020-02-22 00:54:12', '24.00', '55.00', '0.00', '28.80', '77.50', '0.00', '0.00'),
(232, 2, 2, 'FRESA', '2022-03-03 05:11:50', '29.00', '69.00', '0.00', '10.10', '10.10', '0.00', '0.00'),
(233, 2, 2, 'FRESA', '2022-03-03 05:11:50', '29.00', '69.00', '0.00', '10.10', '10.10', '0.00', '0.00'),
(234, 2, 2, 'FRESA', '2022-03-03 05:11:51', '29.00', '69.00', '0.00', '10.10', '10.10', '0.00', '0.00'),
(235, 2, 2, 'FRESA', '2022-03-03 05:11:51', '29.00', '69.00', '0.00', '10.10', '10.10', '0.00', '0.00'),
(236, 2, 2, 'FRESA', '2022-03-03 05:11:52', '29.00', '69.00', '0.00', '10.10', '10.10', '0.00', '0.00'),
(237, 2, 2, 'FRESA', '2022-03-03 05:11:52', '29.00', '69.00', '0.00', '10.10', '10.10', '0.00', '0.00'),
(238, 2, 2, 'FRESA', '2022-03-03 05:11:53', '29.00', '69.00', '0.00', '10.10', '10.10', '0.00', '0.00'),
(239, 2, 2, 'FRESA', '2022-03-03 05:11:53', '29.00', '69.00', '0.00', '10.10', '10.10', '0.00', '0.00'),
(240, 2, 2, 'FRESA', '2022-03-03 05:16:11', '29.00', '69.00', '0.00', '10.10', '10.10', '0.00', '0.00'),
(241, 2, 2, 'FRESA', '2022-03-03 05:16:11', '29.00', '69.00', '0.00', '10.10', '10.10', '0.00', '0.00'),
(242, 2, 2, 'FRESA', '2022-03-03 05:16:12', '29.00', '69.00', '0.00', '10.10', '10.10', '0.00', '0.00'),
(243, 2, 2, 'FRESA', '2022-03-03 05:16:12', '29.00', '69.00', '0.00', '10.10', '10.10', '0.00', '0.00'),
(244, 2, 2, 'FRESA', '2022-03-03 05:16:13', '29.00', '70.00', '0.00', '10.10', '10.10', '0.00', '0.00'),
(245, 2, 2, 'FRESA', '2022-03-03 05:16:13', '29.00', '70.00', '0.00', '10.10', '10.10', '0.00', '0.00'),
(246, 2, 2, 'FRESA', '2022-03-03 05:16:14', '29.00', '70.00', '0.00', '10.10', '10.10', '0.00', '0.00'),
(247, 2, 2, 'FRESA', '2022-03-03 05:16:14', '29.00', '70.00', '0.00', '10.10', '10.10', '0.00', '0.00'),
(248, 2, 2, 'FRESA', '2022-03-03 05:31:09', '29.00', '70.00', '0.00', '10.10', '10.10', '0.00', '0.00'),
(249, 2, 2, 'FRESA', '2022-03-03 05:31:09', '29.00', '70.00', '0.00', '10.10', '10.10', '0.00', '0.00'),
(250, 2, 2, 'FRESA', '2022-03-03 05:31:10', '29.00', '70.00', '0.00', '10.10', '10.10', '0.00', '0.00'),
(251, 2, 2, 'FRESA', '2022-03-03 05:31:10', '29.00', '70.00', '0.00', '10.10', '10.10', '0.00', '0.00'),
(252, 2, 2, 'FRESA', '2022-03-03 05:31:11', '29.00', '70.00', '0.00', '10.10', '10.10', '0.00', '0.00'),
(253, 2, 2, 'FRESA', '2022-03-03 05:31:11', '29.00', '70.00', '0.00', '10.10', '10.10', '0.00', '0.00'),
(254, 2, 2, 'FRESA', '2022-03-03 05:31:12', '29.00', '70.00', '0.00', '10.10', '10.10', '0.00', '0.00'),
(255, 2, 2, 'FRESA', '2022-03-03 05:31:12', '29.00', '70.00', '0.00', '10.10', '10.10', '0.00', '0.00');

--
-- Disparadores `registros`
--
DELIMITER $$
CREATE TRIGGER `trigger_cultivo_insert` BEFORE INSERT ON `registros` FOR EACH ROW BEGIN
  DECLARE dato varchar(512);

  set dato = (select c.desc_cultivo as cultivo from cultivo c inner join zona z where c.id_cultivo = z.id_cultivo and z.id_zona = new.id_zona and z.id_ubi = new.id_ubi);
  -- actualizando data_order x catalogo
  SET new.cultivo = dato;
END
$$
DELIMITER ;

-- --------------------------------------------------------

--
-- Estructura de tabla para la tabla `roles`
--

CREATE TABLE `roles` (
  `id_rol` int(11) NOT NULL,
  `desc_rol` varchar(32) NOT NULL
) ENGINE=InnoDB DEFAULT CHARSET=latin1;

--
-- Volcado de datos para la tabla `roles`
--

INSERT INTO `roles` (`id_rol`, `desc_rol`) VALUES
(1, 'ADMINISTRADOR'),
(2, 'VISITANTE');

-- --------------------------------------------------------

--
-- Estructura de tabla para la tabla `suelo`
--

CREATE TABLE `suelo` (
  `id_suelo` int(11) NOT NULL,
  `densidad` int(11) NOT NULL,
  `materia_org` int(11) NOT NULL,
  `arcilla` int(11) NOT NULL,
  `arena` int(11) NOT NULL,
  `limo` int(11) NOT NULL,
  `estado` int(11) DEFAULT 1,
  `desc_suelo` varchar(32) NOT NULL
) ENGINE=InnoDB DEFAULT CHARSET=latin1;

--
-- Volcado de datos para la tabla `suelo`
--

INSERT INTO `suelo` (`id_suelo`, `densidad`, `materia_org`, `arcilla`, `arena`, `limo`, `estado`, `desc_suelo`) VALUES
(1, 30, 45, 20, 10, 15, 1, 'COMPOSTA'),
(2, 50, 35, 60, 20, 20, 1, 'TIERRA CAFE'),
(3, 0, 0, 0, 0, 0, 1, 'HIDROPONICO');

-- --------------------------------------------------------

--
-- Estructura de tabla para la tabla `ubicacion`
--

CREATE TABLE `ubicacion` (
  `id_ubi` int(11) NOT NULL,
  `desc_ubi` varchar(64) NOT NULL,
  `tipo_zona` varchar(32) NOT NULL,
  `estado` int(11) DEFAULT 1
) ENGINE=InnoDB DEFAULT CHARSET=latin1;

--
-- Volcado de datos para la tabla `ubicacion`
--

INSERT INTO `ubicacion` (`id_ubi`, `desc_ubi`, `tipo_zona`, `estado`) VALUES
(1, 'AZOTEA 1', 'VEGETALES', 1),
(2, 'AZOTEA 2', 'FRUTAS', 1);

-- --------------------------------------------------------

--
-- Estructura de tabla para la tabla `usuarios`
--

CREATE TABLE `usuarios` (
  `id_user` int(11) NOT NULL,
  `nombres` varchar(64) NOT NULL,
  `apellidos` varchar(64) NOT NULL,
  `telefono` varchar(64) NOT NULL,
  `login` varchar(64) NOT NULL,
  `password` varchar(64) NOT NULL,
  `id_rol` int(11) NOT NULL,
  `estado` int(11) DEFAULT 1
) ENGINE=InnoDB DEFAULT CHARSET=latin1;

--
-- Volcado de datos para la tabla `usuarios`
--

INSERT INTO `usuarios` (`id_user`, `nombres`, `apellidos`, `telefono`, `login`, `password`, `id_rol`, `estado`) VALUES
(1, 'JUAN RO', 'MALDONADO', '9621900297', 'juanro', 'riego1', 1, 1),
(2, 'JARBIN', 'BARRIOS', '(964) 541-6984', 'jarbin', 'riego2', 1, 1),
(3, 'DENISSE', 'LOPEZ', '96563164588', 'denue2', 'riego3', 2, 1);

-- --------------------------------------------------------

--
-- Estructura de tabla para la tabla `zona`
--

CREATE TABLE `zona` (
  `id_zona` int(11) NOT NULL,
  `nom_zona` varchar(64) NOT NULL,
  `id_ubi` int(11) NOT NULL,
  `id_cultivo` int(11) NOT NULL,
  `id_suelo` int(11) NOT NULL,
  `id_comp` int(11) NOT NULL,
  `fec_inicio` date NOT NULL,
  `fec_cosecha` date DEFAULT NULL,
  `estado` int(11) DEFAULT 1
) ENGINE=InnoDB DEFAULT CHARSET=latin1;

--
-- Volcado de datos para la tabla `zona`
--

INSERT INTO `zona` (`id_zona`, `nom_zona`, `id_ubi`, `id_cultivo`, `id_suelo`, `id_comp`, `fec_inicio`, `fec_cosecha`, `estado`) VALUES
(1, 'ZONA ALTA', 1, 1, 1, 1, '2020-01-14', '0000-00-00', 1),
(2, 'ZONA BAJA', 2, 2, 2, 2, '2020-01-14', '2020-02-15', 1);

--
-- Índices para tablas volcadas
--

--
-- Indices de la tabla `compuesto`
--
ALTER TABLE `compuesto`
  ADD PRIMARY KEY (`id_comp`);

--
-- Indices de la tabla `cultivo`
--
ALTER TABLE `cultivo`
  ADD PRIMARY KEY (`id_cultivo`);

--
-- Indices de la tabla `observacion`
--
ALTER TABLE `observacion`
  ADD PRIMARY KEY (`id_obs`),
  ADD KEY `id_zona` (`id_zona`,`id_ubi`);

--
-- Indices de la tabla `registros`
--
ALTER TABLE `registros`
  ADD PRIMARY KEY (`id_reg`),
  ADD KEY `id_zona` (`id_zona`,`id_ubi`);

--
-- Indices de la tabla `roles`
--
ALTER TABLE `roles`
  ADD PRIMARY KEY (`id_rol`);

--
-- Indices de la tabla `suelo`
--
ALTER TABLE `suelo`
  ADD PRIMARY KEY (`id_suelo`);

--
-- Indices de la tabla `ubicacion`
--
ALTER TABLE `ubicacion`
  ADD PRIMARY KEY (`id_ubi`);

--
-- Indices de la tabla `usuarios`
--
ALTER TABLE `usuarios`
  ADD PRIMARY KEY (`id_user`),
  ADD KEY `id_rol` (`id_rol`);

--
-- Indices de la tabla `zona`
--
ALTER TABLE `zona`
  ADD PRIMARY KEY (`id_zona`,`id_ubi`),
  ADD KEY `id_ubi` (`id_ubi`),
  ADD KEY `id_cultivo` (`id_cultivo`),
  ADD KEY `id_suelo` (`id_suelo`),
  ADD KEY `id_comp` (`id_comp`);

--
-- AUTO_INCREMENT de las tablas volcadas
--

--
-- AUTO_INCREMENT de la tabla `registros`
--
ALTER TABLE `registros`
  MODIFY `id_reg` int(11) NOT NULL AUTO_INCREMENT, AUTO_INCREMENT=256;

--
-- Restricciones para tablas volcadas
--

--
-- Filtros para la tabla `observacion`
--
ALTER TABLE `observacion`
  ADD CONSTRAINT `observacion_ibfk_1` FOREIGN KEY (`id_zona`,`id_ubi`) REFERENCES `zona` (`id_zona`, `id_ubi`);

--
-- Filtros para la tabla `registros`
--
ALTER TABLE `registros`
  ADD CONSTRAINT `registros_ibfk_1` FOREIGN KEY (`id_zona`,`id_ubi`) REFERENCES `zona` (`id_zona`, `id_ubi`);

--
-- Filtros para la tabla `usuarios`
--
ALTER TABLE `usuarios`
  ADD CONSTRAINT `usuarios_ibfk_1` FOREIGN KEY (`id_rol`) REFERENCES `roles` (`id_rol`);

--
-- Filtros para la tabla `zona`
--
ALTER TABLE `zona`
  ADD CONSTRAINT `zona_ibfk_2` FOREIGN KEY (`id_ubi`) REFERENCES `ubicacion` (`id_ubi`),
  ADD CONSTRAINT `zona_ibfk_3` FOREIGN KEY (`id_cultivo`) REFERENCES `cultivo` (`id_cultivo`),
  ADD CONSTRAINT `zona_ibfk_4` FOREIGN KEY (`id_suelo`) REFERENCES `suelo` (`id_suelo`),
  ADD CONSTRAINT `zona_ibfk_5` FOREIGN KEY (`id_comp`) REFERENCES `compuesto` (`id_comp`);
COMMIT;

/*!40101 SET CHARACTER_SET_CLIENT=@OLD_CHARACTER_SET_CLIENT */;
/*!40101 SET CHARACTER_SET_RESULTS=@OLD_CHARACTER_SET_RESULTS */;
/*!40101 SET COLLATION_CONNECTION=@OLD_COLLATION_CONNECTION */;
